[{"model": "sites.site", "pk": 1, "fields": {"domain": "127.0.0.1", "name": "Ilimetr"}}, {"model": "admin.logentry", "pk": 1, "fields": {"action_time": "2024-06-13T14:47:13.706Z", "user": 1, "content_type": 21, "object_id": "1", "object_repr": "Yandex", "action_flag": 1, "change_message": "[{\"added\": {}}]"}}, {"model": "admin.logentry", "pk": 2, "fields": {"action_time": "2024-06-13T14:47:45.849Z", "user": 1, "content_type": 1, "object_id": "1", "object_repr": "127.0.0.1", "action_flag": 2, "change_message": "[{\"changed\": {\"fields\": [\"Domain name\", \"Display name\"]}}]"}}, {"model": "admin.logentry", "pk": 3, "fields": {"action_time": "2024-06-13T14:48:01.522Z", "user": 1, "content_type": 21, "object_id": "1", "object_repr": "Yandex", "action_flag": 2, "change_message": "[]"}}, {"model": "admin.logentry", "pk": 4, "fields": {"action_time": "2024-06-13T14:48:27.381Z", "user": 1, "content_type": 21, "object_id": "2", "object_repr": "GitHub", "action_flag": 1, "change_message": "[{\"added\": {}}]"}}, {"model": "admin.logentry", "pk": 5, "fields": {"action_time": "2024-06-13T15:49:50.991Z", "user": 1, "content_type": 14, "object_id": "1", "object_repr": "Основы цифрового маркетинга\"", "action_flag": 1, "change_message": "[{\"added\": {}}, {\"added\": {\"name\": \"module\", \"object\": \"\\u0412\\u0432\\u0435\\u0434\\u0435\\u043d\\u0438\\u0435 \\u0432 \\u0446\\u0438\\u0444\\u0440\\u043e\\u0432\\u043e\\u0439 \\u043c\\u0430\\u0440\\u043a\\u0435\\u0442\\u0438\\u043d\\u0433\"}}, {\"added\": {\"name\": \"module\", \"object\": \"\\u0421\\u0442\\u0440\\u0430\\u0442\\u0435\\u0433\\u0438\\u0438 \\u0446\\u0438\\u0444\\u0440\\u043e\\u0432\\u043e\\u0433\\u043e \\u043c\\u0430\\u0440\\u043a\\u0435\\u0442\\u0438\\u043d\\u0433\\u0430\"}}, {\"added\": {\"name\": \"module\", \"object\": \"\\u0418\\u043d\\u0441\\u0442\\u0440\\u0443\\u043c\\u0435\\u043d\\u0442\\u044b \\u0446\\u0438\\u0444\\u0440\\u043e\\u0432\\u043e\\u0433\\u043e \\u043c\\u0430\\u0440\\u043a\\u0435\\u0442\\u0438\\u043d\\u0433\\u0430\"}}]"}}, {"model": "admin.logentry", "pk": 6, "fields": {"action_time": "2024-06-13T17:11:32.530Z", "user": 1, "content_type": 24, "object_id": "13", "object_repr": "Тестовый урок с кастом контентом", "action_flag": 1, "change_message": "[{\"added\": {}}]"}}, {"model": "admin.logentry", "pk": 7, "fields": {"action_time": "2024-06-13T17:18:33.793Z", "user": 1, "content_type": 24, "object_id": "13", "object_repr": "Тестовый урок с кастом контентом", "action_flag": 2, "change_message": "[{\"changed\": {\"fields\": [\"Content\"]}}]"}}, {"model": "admin.logentry", "pk": 8, "fields": {"action_time": "2024-06-13T17:35:07.567Z", "user": 1, "content_type": 23, "object_id": "1", "object_repr": "Введение в цифровой маркетинг - Основы цифрового маркетинга\"", "action_flag": 2, "change_message": "[{\"changed\": {\"fields\": [\"Description\"]}}]"}}, {"model": "admin.logentry", "pk": 9, "fields": {"action_time": "2024-06-13T17:36:35.803Z", "user": 1, "content_type": 24, "object_id": "4", "object_repr": "Урок 2 в модуле 2", "action_flag": 2, "change_message": "[{\"changed\": {\"fields\": [\"Content\"]}}]"}}, {"model": "admin.logentry", "pk": 10, "fields": {"action_time": "2024-06-14T19:37:09.733Z", "user": 1, "content_type": 14, "object_id": "1", "object_repr": "Основы цифрового маркетинга\"", "action_flag": 2, "change_message": "[{\"changed\": {\"name\": \"module\", \"object\": \"\\u0412\\u0432\\u0435\\u0434\\u0435\\u043d\\u0438\\u0435 \\u0432 \\u0446\\u0438\\u0444\\u0440\\u043e\\u0432\\u043e\\u0439 \\u043c\\u0430\\u0440\\u043a\\u0435\\u0442\\u0438\\u043d\\u0433 - \\u041e\\u0441\\u043d\\u043e\\u0432\\u044b \\u0446\\u0438\\u0444\\u0440\\u043e\\u0432\\u043e\\u0433\\u043e \\u043c\\u0430\\u0440\\u043a\\u0435\\u0442\\u0438\\u043d\\u0433\\u0430\\\"\", \"fields\": [\"Description\"]}}]"}}, {"model": "admin.logentry", "pk": 11, "fields": {"action_time": "2024-06-14T19:37:25.550Z", "user": 1, "content_type": 14, "object_id": "1", "object_repr": "\"Основы цифрового маркетинга\"", "action_flag": 2, "change_message": "[{\"changed\": {\"fields\": [\"Title\"]}}]"}}, {"model": "admin.logentry", "pk": 12, "fields": {"action_time": "2024-06-14T19:39:49.696Z", "user": 1, "content_type": 24, "object_id": "14", "object_repr": "Урок 1", "action_flag": 1, "change_message": "[{\"added\": {}}]"}}, {"model": "admin.logentry", "pk": 13, "fields": {"action_time": "2024-06-14T19:40:12.025Z", "user": 1, "content_type": 24, "object_id": "15", "object_repr": "Урок 2", "action_flag": 1, "change_message": "[{\"added\": {}}]"}}, {"model": "admin.logentry", "pk": 14, "fields": {"action_time": "2024-06-14T19:40:40.604Z", "user": 1, "content_type": 24, "object_id": "16", "object_repr": "Урок 1 Стратегии", "action_flag": 1, "change_message": "[{\"added\": {}}]"}}, {"model": "admin.logentry", "pk": 15, "fields": {"action_time": "2024-06-14T19:41:10.186Z", "user": 1, "content_type": 24, "object_id": "17", "object_repr": "Урок 2 к страгеиям", "action_flag": 1, "change_message": "[{\"added\": {}}]"}}, {"model": "auth.permission", "pk": 1, "fields": {"name": "Can add site", "content_type": 1, "codename": "add_site"}}, {"model": "auth.permission", "pk": 2, "fields": {"name": "Can change site", "content_type": 1, "codename": "change_site"}}, {"model": "auth.permission", "pk": 3, "fields": {"name": "Can delete site", "content_type": 1, "codename": "delete_site"}}, {"model": "auth.permission", "pk": 4, "fields": {"name": "Can view site", "content_type": 1, "codename": "view_site"}}, {"model": "auth.permission", "pk": 5, "fields": {"name": "Can add log entry", "content_type": 2, "codename": "add_logentry"}}, {"model": "auth.permission", "pk": 6, "fields": {"name": "Can change log entry", "content_type": 2, "codename": "change_logentry"}}, {"model": "auth.permission", "pk": 7, "fields": {"name": "Can delete log entry", "content_type": 2, "codename": "delete_logentry"}}, {"model": "auth.permission", "pk": 8, "fields": {"name": "Can view log entry", "content_type": 2, "codename": "view_logentry"}}, {"model": "auth.permission", "pk": 9, "fields": {"name": "Can add permission", "content_type": 3, "codename": "add_permission"}}, {"model": "auth.permission", "pk": 10, "fields": {"name": "Can change permission", "content_type": 3, "codename": "change_permission"}}, {"model": "auth.permission", "pk": 11, "fields": {"name": "Can delete permission", "content_type": 3, "codename": "delete_permission"}}, {"model": "auth.permission", "pk": 12, "fields": {"name": "Can view permission", "content_type": 3, "codename": "view_permission"}}, {"model": "auth.permission", "pk": 13, "fields": {"name": "Can add group", "content_type": 4, "codename": "add_group"}}, {"model": "auth.permission", "pk": 14, "fields": {"name": "Can change group", "content_type": 4, "codename": "change_group"}}, {"model": "auth.permission", "pk": 15, "fields": {"name": "Can delete group", "content_type": 4, "codename": "delete_group"}}, {"model": "auth.permission", "pk": 16, "fields": {"name": "Can view group", "content_type": 4, "codename": "view_group"}}, {"model": "auth.permission", "pk": 17, "fields": {"name": "Can add content type", "content_type": 5, "codename": "add_contenttype"}}, {"model": "auth.permission", "pk": 18, "fields": {"name": "Can change content type", "content_type": 5, "codename": "change_contenttype"}}, {"model": "auth.permission", "pk": 19, "fields": {"name": "Can delete content type", "content_type": 5, "codename": "delete_contenttype"}}, {"model": "auth.permission", "pk": 20, "fields": {"name": "Can view content type", "content_type": 5, "codename": "view_contenttype"}}, {"model": "auth.permission", "pk": 21, "fields": {"name": "Can add session", "content_type": 6, "codename": "add_session"}}, {"model": "auth.permission", "pk": 22, "fields": {"name": "Can change session", "content_type": 6, "codename": "change_session"}}, {"model": "auth.permission", "pk": 23, "fields": {"name": "Can delete session", "content_type": 6, "codename": "delete_session"}}, {"model": "auth.permission", "pk": 24, "fields": {"name": "Can view session", "content_type": 6, "codename": "view_session"}}, {"model": "auth.permission", "pk": 25, "fields": {"name": "Can add user", "content_type": 7, "codename": "add_customuser"}}, {"model": "auth.permission", "pk": 26, "fields": {"name": "Can change user", "content_type": 7, "codename": "change_customuser"}}, {"model": "auth.permission", "pk": 27, "fields": {"name": "Can delete user", "content_type": 7, "codename": "delete_customuser"}}, {"model": "auth.permission", "pk": 28, "fields": {"name": "Can view user", "content_type": 7, "codename": "view_customuser"}}, {"model": "auth.permission", "pk": 29, "fields": {"name": "Can add user profile", "content_type": 8, "codename": "add_userprofile"}}, {"model": "auth.permission", "pk": 30, "fields": {"name": "Can change user profile", "content_type": 8, "codename": "change_userprofile"}}, {"model": "auth.permission", "pk": 31, "fields": {"name": "Can delete user profile", "content_type": 8, "codename": "delete_userprofile"}}, {"model": "auth.permission", "pk": 32, "fields": {"name": "Can view user profile", "content_type": 8, "codename": "view_userprofile"}}, {"model": "auth.permission", "pk": 33, "fields": {"name": "Can add event", "content_type": 9, "codename": "add_event"}}, {"model": "auth.permission", "pk": 34, "fields": {"name": "Can change event", "content_type": 9, "codename": "change_event"}}, {"model": "auth.permission", "pk": 35, "fields": {"name": "Can delete event", "content_type": 9, "codename": "delete_event"}}, {"model": "auth.permission", "pk": 36, "fields": {"name": "Can view event", "content_type": 9, "codename": "view_event"}}, {"model": "auth.permission", "pk": 37, "fields": {"name": "Can add meeting", "content_type": 10, "codename": "add_meeting"}}, {"model": "auth.permission", "pk": 38, "fields": {"name": "Can change meeting", "content_type": 10, "codename": "change_meeting"}}, {"model": "auth.permission", "pk": 39, "fields": {"name": "Can delete meeting", "content_type": 10, "codename": "delete_meeting"}}, {"model": "auth.permission", "pk": 40, "fields": {"name": "Can view meeting", "content_type": 10, "codename": "view_meeting"}}, {"model": "auth.permission", "pk": 41, "fields": {"name": "Can add interactive element", "content_type": 11, "codename": "add_interactiveelement"}}, {"model": "auth.permission", "pk": 42, "fields": {"name": "Can change interactive element", "content_type": 11, "codename": "change_interactiveelement"}}, {"model": "auth.permission", "pk": 43, "fields": {"name": "Can delete interactive element", "content_type": 11, "codename": "delete_interactiveelement"}}, {"model": "auth.permission", "pk": 44, "fields": {"name": "Can view interactive element", "content_type": 11, "codename": "view_interactiveelement"}}, {"model": "auth.permission", "pk": 45, "fields": {"name": "Can add report type", "content_type": 12, "codename": "add_reporttype"}}, {"model": "auth.permission", "pk": 46, "fields": {"name": "Can change report type", "content_type": 12, "codename": "change_reporttype"}}, {"model": "auth.permission", "pk": 47, "fields": {"name": "Can delete report type", "content_type": 12, "codename": "delete_reporttype"}}, {"model": "auth.permission", "pk": 48, "fields": {"name": "Can view report type", "content_type": 12, "codename": "view_reporttype"}}, {"model": "auth.permission", "pk": 49, "fields": {"name": "Can add report", "content_type": 13, "codename": "add_report"}}, {"model": "auth.permission", "pk": 50, "fields": {"name": "Can change report", "content_type": 13, "codename": "change_report"}}, {"model": "auth.permission", "pk": 51, "fields": {"name": "Can delete report", "content_type": 13, "codename": "delete_report"}}, {"model": "auth.permission", "pk": 52, "fields": {"name": "Can view report", "content_type": 13, "codename": "view_report"}}, {"model": "auth.permission", "pk": 53, "fields": {"name": "Can add course", "content_type": 14, "codename": "add_course"}}, {"model": "auth.permission", "pk": 54, "fields": {"name": "Can change course", "content_type": 14, "codename": "change_course"}}, {"model": "auth.permission", "pk": 55, "fields": {"name": "Can delete course", "content_type": 14, "codename": "delete_course"}}, {"model": "auth.permission", "pk": 56, "fields": {"name": "Can view course", "content_type": 14, "codename": "view_course"}}, {"model": "auth.permission", "pk": 57, "fields": {"name": "Can add enrollment", "content_type": 15, "codename": "add_enrollment"}}, {"model": "auth.permission", "pk": 58, "fields": {"name": "Can change enrollment", "content_type": 15, "codename": "change_enrollment"}}, {"model": "auth.permission", "pk": 59, "fields": {"name": "Can delete enrollment", "content_type": 15, "codename": "delete_enrollment"}}, {"model": "auth.permission", "pk": 60, "fields": {"name": "Can view enrollment", "content_type": 15, "codename": "view_enrollment"}}, {"model": "auth.permission", "pk": 61, "fields": {"name": "Can add notification", "content_type": 16, "codename": "add_notification"}}, {"model": "auth.permission", "pk": 62, "fields": {"name": "Can change notification", "content_type": 16, "codename": "change_notification"}}, {"model": "auth.permission", "pk": 63, "fields": {"name": "Can delete notification", "content_type": 16, "codename": "delete_notification"}}, {"model": "auth.permission", "pk": 64, "fields": {"name": "Can view notification", "content_type": 16, "codename": "view_notification"}}, {"model": "auth.permission", "pk": 65, "fields": {"name": "Can add document", "content_type": 17, "codename": "add_document"}}, {"model": "auth.permission", "pk": 66, "fields": {"name": "Can change document", "content_type": 17, "codename": "change_document"}}, {"model": "auth.permission", "pk": 67, "fields": {"name": "Can delete document", "content_type": 17, "codename": "delete_document"}}, {"model": "auth.permission", "pk": 68, "fields": {"name": "Can view document", "content_type": 17, "codename": "view_document"}}, {"model": "auth.permission", "pk": 69, "fields": {"name": "Can add email address", "content_type": 18, "codename": "add_emailaddress"}}, {"model": "auth.permission", "pk": 70, "fields": {"name": "Can change email address", "content_type": 18, "codename": "change_emailaddress"}}, {"model": "auth.permission", "pk": 71, "fields": {"name": "Can delete email address", "content_type": 18, "codename": "delete_emailaddress"}}, {"model": "auth.permission", "pk": 72, "fields": {"name": "Can view email address", "content_type": 18, "codename": "view_emailaddress"}}, {"model": "auth.permission", "pk": 73, "fields": {"name": "Can add email confirmation", "content_type": 19, "codename": "add_emailconfirmation"}}, {"model": "auth.permission", "pk": 74, "fields": {"name": "Can change email confirmation", "content_type": 19, "codename": "change_emailconfirmation"}}, {"model": "auth.permission", "pk": 75, "fields": {"name": "Can delete email confirmation", "content_type": 19, "codename": "delete_emailconfirmation"}}, {"model": "auth.permission", "pk": 76, "fields": {"name": "Can view email confirmation", "content_type": 19, "codename": "view_emailconfirmation"}}, {"model": "auth.permission", "pk": 77, "fields": {"name": "Can add social account", "content_type": 20, "codename": "add_socialaccount"}}, {"model": "auth.permission", "pk": 78, "fields": {"name": "Can change social account", "content_type": 20, "codename": "change_socialaccount"}}, {"model": "auth.permission", "pk": 79, "fields": {"name": "Can delete social account", "content_type": 20, "codename": "delete_socialaccount"}}, {"model": "auth.permission", "pk": 80, "fields": {"name": "Can view social account", "content_type": 20, "codename": "view_socialaccount"}}, {"model": "auth.permission", "pk": 81, "fields": {"name": "Can add social application", "content_type": 21, "codename": "add_socialapp"}}, {"model": "auth.permission", "pk": 82, "fields": {"name": "Can change social application", "content_type": 21, "codename": "change_socialapp"}}, {"model": "auth.permission", "pk": 83, "fields": {"name": "Can delete social application", "content_type": 21, "codename": "delete_socialapp"}}, {"model": "auth.permission", "pk": 84, "fields": {"name": "Can view social application", "content_type": 21, "codename": "view_socialapp"}}, {"model": "auth.permission", "pk": 85, "fields": {"name": "Can add social application token", "content_type": 22, "codename": "add_socialtoken"}}, {"model": "auth.permission", "pk": 86, "fields": {"name": "Can change social application token", "content_type": 22, "codename": "change_socialtoken"}}, {"model": "auth.permission", "pk": 87, "fields": {"name": "Can delete social application token", "content_type": 22, "codename": "delete_socialtoken"}}, {"model": "auth.permission", "pk": 88, "fields": {"name": "Can view social application token", "content_type": 22, "codename": "view_socialtoken"}}, {"model": "auth.permission", "pk": 89, "fields": {"name": "Can add module", "content_type": 23, "codename": "add_module"}}, {"model": "auth.permission", "pk": 90, "fields": {"name": "Can change module", "content_type": 23, "codename": "change_module"}}, {"model": "auth.permission", "pk": 91, "fields": {"name": "Can delete module", "content_type": 23, "codename": "delete_module"}}, {"model": "auth.permission", "pk": 92, "fields": {"name": "Can view module", "content_type": 23, "codename": "view_module"}}, {"model": "auth.permission", "pk": 93, "fields": {"name": "Can add lesson", "content_type": 24, "codename": "add_lesson"}}, {"model": "auth.permission", "pk": 94, "fields": {"name": "Can change lesson", "content_type": 24, "codename": "change_lesson"}}, {"model": "auth.permission", "pk": 95, "fields": {"name": "Can delete lesson", "content_type": 24, "codename": "delete_lesson"}}, {"model": "auth.permission", "pk": 96, "fields": {"name": "Can view lesson", "content_type": 24, "codename": "view_lesson"}}, {"model": "auth.permission", "pk": 97, "fields": {"name": "Can add user course", "content_type": 25, "codename": "add_usercourse"}}, {"model": "auth.permission", "pk": 98, "fields": {"name": "Can change user course", "content_type": 25, "codename": "change_usercourse"}}, {"model": "auth.permission", "pk": 99, "fields": {"name": "Can delete user course", "content_type": 25, "codename": "delete_usercourse"}}, {"model": "auth.permission", "pk": 100, "fields": {"name": "Can view user course", "content_type": 25, "codename": "view_usercourse"}}, {"model": "auth.permission", "pk": 101, "fields": {"name": "Can add user progress", "content_type": 26, "codename": "add_userprogress"}}, {"model": "auth.permission", "pk": 102, "fields": {"name": "Can change user progress", "content_type": 26, "codename": "change_userprogress"}}, {"model": "auth.permission", "pk": 103, "fields": {"name": "Can delete user progress", "content_type": 26, "codename": "delete_userprogress"}}, {"model": "auth.permission", "pk": 104, "fields": {"name": "Can view user progress", "content_type": 26, "codename": "view_userprogress"}}, {"model": "contenttypes.contenttype", "pk": 1, "fields": {"app_label": "sites", "model": "site"}}, {"model": "contenttypes.contenttype", "pk": 2, "fields": {"app_label": "admin", "model": "logentry"}}, {"model": "contenttypes.contenttype", "pk": 3, "fields": {"app_label": "auth", "model": "permission"}}, {"model": "contenttypes.contenttype", "pk": 4, "fields": {"app_label": "auth", "model": "group"}}, {"model": "contenttypes.contenttype", "pk": 5, "fields": {"app_label": "contenttypes", "model": "contenttype"}}, {"model": "contenttypes.contenttype", "pk": 6, "fields": {"app_label": "sessions", "model": "session"}}, {"model": "contenttypes.contenttype", "pk": 7, "fields": {"app_label": "users", "model": "customuser"}}, {"model": "contenttypes.contenttype", "pk": 8, "fields": {"app_label": "users", "model": "userprofile"}}, {"model": "contenttypes.contenttype", "pk": 9, "fields": {"app_label": "events", "model": "event"}}, {"model": "contenttypes.contenttype", "pk": 10, "fields": {"app_label": "meetings", "model": "meeting"}}, {"model": "contenttypes.contenttype", "pk": 11, "fields": {"app_label": "interactive_elements", "model": "interactiveelement"}}, {"model": "contenttypes.contenttype", "pk": 12, "fields": {"app_label": "reports", "model": "reporttype"}}, {"model": "contenttypes.contenttype", "pk": 13, "fields": {"app_label": "reports", "model": "report"}}, {"model": "contenttypes.contenttype", "pk": 14, "fields": {"app_label": "courses", "model": "course"}}, {"model": "contenttypes.contenttype", "pk": 15, "fields": {"app_label": "courses", "model": "enrollment"}}, {"model": "contenttypes.contenttype", "pk": 16, "fields": {"app_label": "notifications", "model": "notification"}}, {"model": "contenttypes.contenttype", "pk": 17, "fields": {"app_label": "documents", "model": "document"}}, {"model": "contenttypes.contenttype", "pk": 18, "fields": {"app_label": "account", "model": "emailaddress"}}, {"model": "contenttypes.contenttype", "pk": 19, "fields": {"app_label": "account", "model": "emailconfirmation"}}, {"model": "contenttypes.contenttype", "pk": 20, "fields": {"app_label": "socialaccount", "model": "socialaccount"}}, {"model": "contenttypes.contenttype", "pk": 21, "fields": {"app_label": "socialaccount", "model": "socialapp"}}, {"model": "contenttypes.contenttype", "pk": 22, "fields": {"app_label": "socialaccount", "model": "socialtoken"}}, {"model": "contenttypes.contenttype", "pk": 23, "fields": {"app_label": "courses", "model": "module"}}, {"model": "contenttypes.contenttype", "pk": 24, "fields": {"app_label": "courses", "model": "lesson"}}, {"model": "contenttypes.contenttype", "pk": 25, "fields": {"app_label": "courses", "model": "usercourse"}}, {"model": "contenttypes.contenttype", "pk": 26, "fields": {"app_label": "courses", "model": "userprogress"}}, {"model": "sessions.session", "pk": "7pgea9r1o3ioi4i5nvlscas80sbtoi08", "fields": {"session_data": ".eJxVjMsOwiAQAP9lz4ZAAYEevfcbml2WtVUDSR8n47-bJj3odWYybxhx36ZxX8syzgw9GLj8MsL8LPUQ_MB6byq3ui0zqSNRp13V0Li8bmf7N5hwnaAH21EMLlMSnUyRgBJ0iqlDc_WZg3Mowjp21hZyxBmxRPaWJKDOJB4-X_GEOPQ:1sHnjM:hu6B-02oCpdPFmEKdNJajiCkKKFLkJfD1WIycxaMOGU", "expire_date": "2024-06-27T16:55:20.826Z"}}, {"model": "sessions.session", "pk": "dlswc623tk5ei3872yurvu79oxz31oof", "fields": {"session_data": ".eJxVjMsOwiAQAP9lz4ZAAYEevfcbml2WtVUDSR8n47-bJj3odWYybxhx36ZxX8syzgw9GLj8MsL8LPUQ_MB6byq3ui0zqSNRp13V0Li8bmf7N5hwnaAH21EMLlMSnUyRgBJ0iqlDc_WZg3Mowjp21hZyxBmxRPaWJKDOJB4-X_GEOPQ:1sHoJ2:MbeWVZAnesKCTNpyRYPHf74nXybHuxI-P73ZdwadSnc", "expire_date": "2024-06-27T17:32:12.057Z"}}, {"model": "sessions.session", "pk": "munvt9htcutycgl1lsx3nqerahx7adia", "fields": {"session_data": ".eJxVkEFuhDAMRe_iNUIOhCZk1fYaVYWcxBFRIYxIUFuN5u5VpmzY2f_bz1--Azm3HalMdJSZU4mOStzStHKZN5_BfNzhvwYDN8r5e9s9NEAFjFBCS0QthxY1alRdA7xSXMAA-TWm19q0-wGPzwaeF6Yj8z7FChNw0Sy5L07VoGWpcnsma58zp53bt0vO93Prgpopz2Cg76xW0tkx4Cg4KAoKRz12JF4G55WUFIJH3fU9W2m9I2Lth94GRehsGCo0c871Hfxzi_svGHz8AcO1Z0c:1sIEYf:0b-HUO1Bb5cd1Q4zTvWTBWVPr1QJ0-BOEM8MchT5vKI", "expire_date": "2024-06-28T21:34:05.090Z"}}, {"model": "users.customuser", "pk": 1, "fields": {"password": "pbkdf2_sha256$720000$sA5weyXL7IsjJLt6Xu5sLZ$IFPmF1hnVVFmgEcVgSkG62HDFQV83jbJ7Tfp2bJ2rmA=", "last_login": "2024-06-14T21:34:05.086Z", "is_superuser": true, "username": "admin", "first_name": "", "last_name": "", "email": "admin@mail.ru", "is_staff": true, "is_active": true, "date_joined": "2024-06-11T19:02:41.216Z", "role": "user", "sphere_of_activity": null, "groups": [], "user_permissions": []}}, {"model": "users.customuser", "pk": 2, "fields": {"password": "pbkdf2_sha256$720000$xwbPba8K5Hcpgr86z7Qx62$JRn7sIkcMmD4QbVdU2TGEsk+otlnt7zEh2aHBghUSGg=", "last_login": "2024-06-11T20:46:11.709Z", "is_superuser": false, "username": "test_user", "first_name": "", "last_name": "", "email": "test@mail.ru", "is_staff": false, "is_active": true, "date_joined": "2024-06-11T20:45:03.562Z", "role": "user", "sphere_of_activity": null, "groups": [], "user_permissions": []}}, {"model": "users.customuser", "pk": 3, "fields": {"password": "!rDEjPypg170kAsMV2Tu7krLTv66U33zXpJJhyNiq", "last_login": "2024-06-13T17:31:59.789Z", "is_superuser": false, "username": "kinopoisk.y4ndex3", "first_name": "Kino", "last_name": "Poisk", "email": "kinopoisk.y4ndex3@yandex.ru", "is_staff": false, "is_active": true, "date_joined": "2024-06-13T15:13:20.619Z", "role": "user", "sphere_of_activity": null, "groups": [], "user_permissions": []}}, {"model": "users.customuser", "pk": 4, "fields": {"password": "!c7b4457QeTf7ypA6okDLHvjqBcH67tNDlqS8H6T2", "last_login": "2024-06-13T15:14:49.640Z", "is_superuser": false, "username": "Pu104ver", "first_name": "Vladimir", "last_name": "", "email": "chesnov.vovan@gmail.com", "is_staff": false, "is_active": true, "date_joined": "2024-06-13T15:14:49.617Z", "role": "user", "sphere_of_activity": null, "groups": [], "user_permissions": []}}, {"model": "meetings.meeting", "pk": 1, "fields": {"title": "test meeting", "description": "", "url": "https://hakaton.daily.co/nh2iHr69E1218QGKJzrd", "host": 1, "start_time": "2024-10-22T08:00:00Z", "end_time": "2024-10-22T09:00:00Z", "participants": []}}, {"model": "meetings.meeting", "pk": 2, "fields": {"title": "test meeting2", "description": "description of the meeting", "url": "https://hakaton.daily.co/jPUM5GkxPNOT40M08uye", "host": 1, "start_time": "2024-10-22T08:00:00Z", "end_time": "2024-10-22T09:00:00Z", "participants": []}}, {"model": "courses.course", "pk": 1, "fields": {"title": "\"Основы цифрового маркетинга\"", "description": "Курс \"Основы цифрового маркетинга\" предназначен для предпринимателей и специалистов малого и среднего бизнеса, которые хотят освоить основные инструменты и стратегии цифрового маркетинга для успешного продвижения своих продуктов и услуг в интернете. В течение курса участники изучат как использовать социальные сети, контент-маркетинг, поисковую оптимизацию и другие современные методы для привлечения целевой аудитории и увеличения конверсии.", "price": "0.00", "is_free": true, "created_at": "2024-06-13T15:49:50.986Z", "updated_at": "2024-06-14T19:37:25.549Z"}}, {"model": "courses.course", "pk": 2, "fields": {"title": "Основы информационных технологий", "description": "Курс по основам информационных технологий для начинающих.", "price": "0.00", "is_free": true, "created_at": "2024-06-13T16:18:23.672Z", "updated_at": "2024-06-13T16:18:23.672Z"}}, {"model": "courses.course", "pk": 3, "fields": {"title": "Основы маркетинга", "description": "Курс по основам маркетинга для малого бизнеса.", "price": "0.00", "is_free": true, "created_at": "2024-06-13T16:18:23.698Z", "updated_at": "2024-06-13T16:18:23.698Z"}}, {"model": "courses.module", "pk": 1, "fields": {"course": 1, "title": "Введение в цифровой маркетинг", "description": "Основные понятия и термины\r\nИстория развития цифрового маркетинга\r\nЗначение цифрового маркетинга для малого и среднего бизнеса", "order": 1, "created_at": "2024-06-13T15:49:50.988Z", "updated_at": "2024-06-14T19:37:09.731Z"}}, {"model": "courses.module", "pk": 2, "fields": {"course": 1, "title": "Стратегии цифрового маркетинга", "description": "Выбор целевой аудитории\r\nСоздание персонализированных маркетинговых стратегий\r\nИспользование данных для принятия решений", "order": 2, "created_at": "2024-06-13T15:49:50.989Z", "updated_at": "2024-06-13T15:49:50.989Z"}}, {"model": "courses.module", "pk": 3, "fields": {"course": 1, "title": "Инструменты цифрового маркетинга", "description": "Социальные сети и их роль в продвижении\r\nПоисковая оптимизация (SEO) и поисковая реклама (SEM)\r\nКонтент-маркетинг и создание ценного контента", "order": 3, "created_at": "2024-06-13T15:49:50.990Z", "updated_at": "2024-06-13T15:49:50.990Z"}}, {"model": "courses.module", "pk": 4, "fields": {"course": 2, "title": "Модуль 1", "description": "Описание модуля 1", "order": 1, "created_at": "2024-06-13T16:18:23.678Z", "updated_at": "2024-06-13T16:18:23.678Z"}}, {"model": "courses.module", "pk": 5, "fields": {"course": 2, "title": "Модуль 2", "description": "Описание модуля 2", "order": 2, "created_at": "2024-06-13T16:18:23.687Z", "updated_at": "2024-06-13T16:18:23.687Z"}}, {"model": "courses.module", "pk": 6, "fields": {"course": 2, "title": "Модуль 3", "description": "Описание модуля 3", "order": 3, "created_at": "2024-06-13T16:18:23.692Z", "updated_at": "2024-06-13T16:18:23.692Z"}}, {"model": "courses.module", "pk": 7, "fields": {"course": 3, "title": "Модуль 1", "description": "Описание модуля 1", "order": 1, "created_at": "2024-06-13T16:18:23.700Z", "updated_at": "2024-06-13T16:18:23.700Z"}}, {"model": "courses.module", "pk": 8, "fields": {"course": 3, "title": "Модуль 2", "description": "Описание модуля 2", "order": 2, "created_at": "2024-06-13T16:18:23.705Z", "updated_at": "2024-06-13T16:18:23.705Z"}}, {"model": "courses.module", "pk": 9, "fields": {"course": 3, "title": "Модуль 3", "description": "Описание модуля 3", "order": 3, "created_at": "2024-06-13T16:18:23.710Z", "updated_at": "2024-06-13T16:18:23.710Z"}}, {"model": "courses.lesson", "pk": 1, "fields": {"module": 4, "title": "Урок 1 в модуле 1", "content": "Содержание урока 1 в модуле 1", "order": 1, "created_at": "2024-06-13T16:18:23.681Z", "updated_at": "2024-06-13T16:18:23.681Z"}}, {"model": "courses.lesson", "pk": 2, "fields": {"module": 4, "title": "Урок 2 в модуле 1", "content": "Содержание урока 2 в модуле 1", "order": 2, "created_at": "2024-06-13T16:18:23.685Z", "updated_at": "2024-06-13T16:18:23.685Z"}}, {"model": "courses.lesson", "pk": 3, "fields": {"module": 5, "title": "Урок 1 в модуле 2", "content": "Содержание урока 1 в модуле 2", "order": 1, "created_at": "2024-06-13T16:18:23.689Z", "updated_at": "2024-06-13T16:18:23.689Z"}}, {"model": "courses.lesson", "pk": 4, "fields": {"module": 5, "title": "Урок 2 в модуле 2", "content": "<h2>Содержание урока 2 в модуле 2</h2>", "order": 2, "created_at": "2024-06-13T16:18:23.690Z", "updated_at": "2024-06-13T17:36:35.801Z"}}, {"model": "courses.lesson", "pk": 5, "fields": {"module": 6, "title": "Урок 1 в модуле 3", "content": "Содержание урока 1 в модуле 3", "order": 1, "created_at": "2024-06-13T16:18:23.694Z", "updated_at": "2024-06-13T16:18:23.694Z"}}, {"model": "courses.lesson", "pk": 6, "fields": {"module": 6, "title": "Урок 2 в модуле 3", "content": "Содержание урока 2 в модуле 3", "order": 2, "created_at": "2024-06-13T16:18:23.696Z", "updated_at": "2024-06-13T16:18:23.696Z"}}, {"model": "courses.lesson", "pk": 7, "fields": {"module": 7, "title": "Урок 1 в модуле 1", "content": "Содержание урока 1 в модуле 1", "order": 1, "created_at": "2024-06-13T16:18:23.702Z", "updated_at": "2024-06-13T16:18:23.702Z"}}, {"model": "courses.lesson", "pk": 8, "fields": {"module": 7, "title": "Урок 2 в модуле 1", "content": "Содержание урока 2 в модуле 1", "order": 2, "created_at": "2024-06-13T16:18:23.703Z", "updated_at": "2024-06-13T16:18:23.704Z"}}, {"model": "courses.lesson", "pk": 9, "fields": {"module": 8, "title": "Урок 1 в модуле 2", "content": "Содержание урока 1 в модуле 2", "order": 1, "created_at": "2024-06-13T16:18:23.707Z", "updated_at": "2024-06-13T16:18:23.707Z"}}, {"model": "courses.lesson", "pk": 10, "fields": {"module": 8, "title": "Урок 2 в модуле 2", "content": "Содержание урока 2 в модуле 2", "order": 2, "created_at": "2024-06-13T16:18:23.709Z", "updated_at": "2024-06-13T16:18:23.709Z"}}, {"model": "courses.lesson", "pk": 11, "fields": {"module": 9, "title": "Урок 1 в модуле 3", "content": "Содержание урока 1 в модуле 3", "order": 1, "created_at": "2024-06-13T16:18:23.712Z", "updated_at": "2024-06-13T16:18:23.712Z"}}, {"model": "courses.lesson", "pk": 12, "fields": {"module": 9, "title": "Урок 2 в модуле 3", "content": "Содержание урока 2 в модуле 3", "order": 2, "created_at": "2024-06-13T16:18:23.714Z", "updated_at": "2024-06-13T16:18:23.714Z"}}, {"model": "courses.lesson", "pk": 13, "fields": {"module": 4, "title": "Тестовый урок с кастом контентом", "content": "<h2>Введение в Маркетинг</h2>\r\n<p>Маркетинг — это процесс создания, передачи, доставки и обмена предложениями, которые имеют ценность для клиентов, партнеров и общества в целом. В этом уроке мы рассмотрим основные концепции маркетинга и их применение в реальном мире.</p>\r\n\r\n<h3>Основные концепции маркетинга</h3>\r\n<ul>\r\n    <li><strong>Потребности, желания и спрос:</strong> Потребности — это базовые человеческие требования, такие как еда, вода и жилье. Желания — это конкретные формы, которые принимают потребности под влиянием культуры и индивидуальности. Спрос — это желания, подкрепленные покупательской способностью.</li>\r\n    <li><strong>Продукты и услуги:</strong> Продукты — это объекты, которые удовлетворяют потребности и желания. Услуги — это нематериальные действия или выгоды, которые одна сторона может предложить другой.</li>\r\n    <li><strong>Ценность и удовлетворение:</strong> Ценность — это оценка клиента, насколько продукт или услуга соответствуют их потребностям и ожиданиям. Удовлетворение — это степень соответствия ожиданий и реального опыта потребления.</li>\r\n</ul>\r\n\r\n<h3>Рынки и маркетинг</h3>\r\n<p>Рынок — это совокупность всех потенциальных и реальных покупателей продукта или услуги. Маркетинг — это деятельность, направленная на создание, продвижение и доставку ценностных предложений, которые удовлетворяют потребности рынка.</p>\r\n\r\n<h3>Стратегии маркетинга</h3>\r\n<p>Существует несколько ключевых стратегий маркетинга, включая:</p>\r\n<ol>\r\n    <li><strong>Сегментация рынка:</strong> Разделение рынка на группы потребителей с схожими потребностями и характеристиками.</li>\r\n    <li><strong>Целевой маркетинг:</strong> Выбор одного или нескольких сегментов для обслуживания и разработки маркетинговых программ, специально нацеленных на эти сегменты.</li>\r\n    <li><strong>Позиционирование:</strong> Создание уникального образа продукта в сознании целевых потребителей относительно конкурентов.</li>\r\n</ol>\r\n\r\n<p>В следующем уроке мы углубимся в конкретные методы и инструменты, используемые в маркетинге для достижения успеха на рынке.</p>", "order": 4, "created_at": "2024-06-13T17:11:32.527Z", "updated_at": "2024-06-13T17:18:33.792Z"}}, {"model": "courses.lesson", "pk": 14, "fields": {"module": 1, "title": "Урок 1", "content": "Это 1ый урок к модулю", "order": 1, "created_at": "2024-06-14T19:39:49.694Z", "updated_at": "2024-06-14T19:39:49.694Z"}}, {"model": "courses.lesson", "pk": 15, "fields": {"module": 1, "title": "Урок 2", "content": "Это 2ой урок к модулю", "order": 2, "created_at": "2024-06-14T19:40:12.023Z", "updated_at": "2024-06-14T19:40:12.023Z"}}, {"model": "courses.lesson", "pk": 16, "fields": {"module": 2, "title": "Урок 1 Стратегии", "content": "Это 1ый урок к модулю стратегий", "order": 1, "created_at": "2024-06-14T19:40:40.603Z", "updated_at": "2024-06-14T19:40:40.603Z"}}, {"model": "courses.lesson", "pk": 17, "fields": {"module": 2, "title": "Урок 2 к страгеиям", "content": "Это 2ой урок к модулю стратегий", "order": 2, "created_at": "2024-06-14T19:41:10.185Z", "updated_at": "2024-06-14T19:41:10.185Z"}}, {"model": "courses.usercourse", "pk": 1, "fields": {"user": 1, "course": 1, "enrolled_at": "2024-06-13T15:50:32.384Z", "completed_at": null}}, {"model": "courses.usercourse", "pk": 2, "fields": {"user": 1, "course": 2, "enrolled_at": "2024-06-13T16:32:03.132Z", "completed_at": null}}, {"model": "courses.usercourse", "pk": 3, "fields": {"user": 1, "course": 3, "enrolled_at": "2024-06-14T20:32:31.155Z", "completed_at": null}}, {"model": "courses.userprogress", "pk": 1, "fields": {"user": 1, "lesson": 1, "completed": true, "completed_at": null}}, {"model": "courses.userprogress", "pk": 2, "fields": {"user": 1, "lesson": 13, "completed": true, "completed_at": null}}, {"model": "courses.userprogress", "pk": 3, "fields": {"user": 1, "lesson": 4, "completed": false, "completed_at": null}}, {"model": "courses.userprogress", "pk": 4, "fields": {"user": 1, "lesson": 14, "completed": true, "completed_at": null}}, {"model": "courses.userprogress", "pk": 5, "fields": {"user": 1, "lesson": 15, "completed": true, "completed_at": null}}, {"model": "courses.userprogress", "pk": 6, "fields": {"user": 1, "lesson": 16, "completed": true, "completed_at": null}}, {"model": "courses.userprogress", "pk": 7, "fields": {"user": 1, "lesson": 17, "completed": true, "completed_at": null}}, {"model": "courses.userprogress", "pk": 8, "fields": {"user": 1, "lesson": 7, "completed": true, "completed_at": null}}, {"model": "courses.userprogress", "pk": 9, "fields": {"user": 1, "lesson": 8, "completed": true, "completed_at": null}}, {"model": "courses.userprogress", "pk": 10, "fields": {"user": 1, "lesson": 9, "completed": true, "completed_at": null}}, {"model": "courses.userprogress", "pk": 11, "fields": {"user": 1, "lesson": 10, "completed": true, "completed_at": null}}, {"model": "courses.userprogress", "pk": 12, "fields": {"user": 1, "lesson": 11, "completed": true, "completed_at": null}}, {"model": "courses.userprogress", "pk": 13, "fields": {"user": 1, "lesson": 12, "completed": true, "completed_at": null}}, {"model": "courses.userprogress", "pk": 14, "fields": {"user": 1, "lesson": 2, "completed": true, "completed_at": null}}, {"model": "courses.userprogress", "pk": 15, "fields": {"user": 1, "lesson": 3, "completed": false, "completed_at": null}}, {"model": "account.emailaddress", "pk": 1, "fields": {"user": 3, "email": "kinopoisk.y4ndex3@yandex.ru", "verified": true, "primary": true}}, {"model": "account.emailaddress", "pk": 2, "fields": {"user": 4, "email": "chesnov.vovan@gmail.com", "verified": false, "primary": true}}, {"model": "socialaccount.socialapp", "pk": 1, "fields": {"provider": "yandex", "provider_id": "", "name": "Yandex", "client_id": "c4885d8267a049929068e28f02ddd48d", "secret": "36a4c9c8c1e546748c347e1aa634b2e2", "key": "", "settings": {}, "sites": [1]}}, {"model": "socialaccount.socialapp", "pk": 2, "fields": {"provider": "github", "provider_id": "", "name": "GitHub", "client_id": "Iv23liw6mKXJDqe6JV0e", "secret": "0ebda726ca58385085da158b7d267453808d5298", "key": "", "settings": {}, "sites": [1]}}, {"model": "socialaccount.socialaccount", "pk": 1, "fields": {"user": 3, "provider": "yandex", "uid": "1421855834", "last_login": "2024-06-13T17:31:59.778Z", "date_joined": "2024-06-13T15:13:20.646Z", "extra_data": {"id": "1421855834", "sex": null, "login": "kinopoisk.y4ndex3", "psuid": "1.AAvYsQ.DaSiZw0G5rxpMYo7htm00A.BM2jK-bsMTVU2Ra43hEtjw", "emails": ["kinopoisk.y4ndex3@yandex.ru"], "client_id": "c4885d8267a049929068e28f02ddd48d", "last_name": "Poisk", "real_name": "Kino Poisk", "first_name": "Kino", "display_name": "kinopoisk.y4ndex3", "default_email": "kinopoisk.y4ndex3@yandex.ru"}}}, {"model": "socialaccount.socialaccount", "pk": 2, "fields": {"user": 4, "provider": "github", "uid": "114736305", "last_login": "2024-06-13T15:14:49.628Z", "date_joined": "2024-06-13T15:14:49.628Z", "extra_data": {"id": 114736305, "bio": null, "url": "https://api.github.com/users/Pu104ver", "blog": "", "name": "Vladimir", "type": "User", "email": "chesnov.vovan@gmail.com", "login": "Pu104ver", "company": null, "node_id": "U_kgDOBta8sQ", "hireable": null, "html_url": "https://github.com/Pu104ver", "location": null, "followers": 1, "following": 0, "gists_url": "https://api.github.com/users/Pu104ver/gists{/gist_id}", "repos_url": "https://api.github.com/users/Pu104ver/repos", "avatar_url": "https://avatars.githubusercontent.com/u/114736305?v=4", "created_at": "2022-09-30T09:39:40Z", "events_url": "https://api.github.com/users/Pu104ver/events{/privacy}", "site_admin": false, "updated_at": "2024-05-22T17:14:19Z", "gravatar_id": "", "starred_url": "https://api.github.com/users/Pu104ver/starred{/owner}{/repo}", "public_gists": 0, "public_repos": 9, "followers_url": "https://api.github.com/users/Pu104ver/followers", "following_url": "https://api.github.com/users/Pu104ver/following{/other_user}", "twitter_username": null, "organizations_url": "https://api.github.com/users/Pu104ver/orgs", "subscriptions_url": "https://api.github.com/users/Pu104ver/subscriptions", "received_events_url": "https://api.github.com/users/Pu104ver/received_events"}}}]